"organismofinterest","date_qrt","n_inc","n_adm","inc"
"Acinetobacter Sp.","2007 Q1",250,127336,1.96330966890746
"Acinetobacter Sp.","2007 Q2",332,127771,2.59839869767005
"Acinetobacter Sp.","2007 Q3",388,127765,3.0368254216726
"Acinetobacter Sp.","2007 Q4",352,125063,2.81458145094872
"Acinetobacter Sp.","2008 Q1",325,131960,2.46286753561685
"Acinetobacter Sp.","2008 Q2",346,132154,2.61815760400745
"Acinetobacter Sp.","2008 Q3",420,131853,3.1853655206935
"Acinetobacter Sp.","2008 Q4",377,127920,2.94715447154472
"Acinetobacter Sp.","2009 Q1",341,134338,2.53837335675684
"Acinetobacter Sp.","2009 Q2",338,138175,2.44617333092093
"Acinetobacter Sp.","2009 Q3",432,138183,3.12628905147522
"Acinetobacter Sp.","2009 Q4",410,132778,3.08786094081851
"Acinetobacter Sp.","2010 Q1",294,138694,2.11977446753284
"Acinetobacter Sp.","2010 Q2",333,141169,2.35887482379276
"Acinetobacter Sp.","2010 Q3",429,140257,3.05867086847715
"Acinetobacter Sp.","2010 Q4",330,134637,2.4510350052363
"Acinetobacter Sp.","2011 Q1",266,139539,1.90627709815894
"Acinetobacter Sp.","2011 Q2",298,141372,2.10791387261976
"Acinetobacter Sp.","2011 Q3",354,139364,2.54011078901294
"Acinetobacter Sp.","2011 Q4",310,135771,2.28325636549779
"Acinetobacter Sp.","2012 Q1",287,140774,2.03872874252348
"Acinetobacter Sp.","2012 Q2",299,140781,2.12386614671014
"Acinetobacter Sp.","2012 Q3",371,138247,2.68360253748725
"Acinetobacter Sp.","2012 Q4",285,133753,2.13079332800012
"Acinetobacter Sp.","2013 Q1",213,136643,1.55880652503238
"Acinetobacter Sp.","2013 Q2",239,138223,1.72908994885077
"Acinetobacter Sp.","2013 Q3",345,137496,2.5091639029499
"Acinetobacter Sp.","2013 Q4",291,134299,2.16680690101937
"Acinetobacter Sp.","2014 Q1",208,136466,1.52418917532572
"Acinetobacter Sp.","2014 Q2",234,141215,1.65704776404773
"Acinetobacter Sp.","2014 Q3",278,139658,1.99057698091051
"Acinetobacter Sp.","2014 Q4",254,134458,1.8890657305627
"Acinetobacter Sp.","2015 Q1",217,135886,1.59692683572995
"Acinetobacter Sp.","2015 Q2",214,138705,1.54284272376627
"Acinetobacter Sp.","2015 Q3",263,137203,1.91686770697434
"Acinetobacter Sp.","2015 Q4",246,132219,1.86054954280398
"Acinetobacter Sp.","2016 Q1",212,138117,1.53493052991304
"Acinetobacter Sp.","2016 Q2",205,137059,1.49570622870443
"Acinetobacter Sp.","2016 Q3",263,135157,1.94588515578179
"Acinetobacter Sp.","2016 Q4",249,130683,1.90537407313882
"Acinetobacter Sp.","2017 Q1",185,136477,1.35553976127846
"Acinetobacter Sp.","2017 Q2",217,136124,1.594134759484
"Acinetobacter Sp.","2017 Q3",258,133818,1.92799174998879
"Acinetobacter Sp.","2017 Q4",201,132108,1.52148242347171
"Acinetobacter Sp.","2018 Q1",177,136697,1.29483456110961
"Acinetobacter Sp.","2018 Q2",182,136870,1.32972893986995
"Acinetobacter Sp.","2018 Q3",264,133799,1.973108917107
"Acinetobacter Sp.","2018 Q4",204,131059,1.55655086640368
"Acinetobacter Sp.","2019 Q1",147,134984,1.08901795768387
"Acinetobacter Sp.","2019 Q2",193,136761,1.41122103523665
"Acinetobacter Sp.","2019 Q3",184,133801,1.37517656818708
"Acinetobacter Sp.","2019 Q4",181,129551,1.39713317535179
"Acinetobacter Sp.","2020 Q1",144,124192,1.15949497552177
"Acinetobacter Sp.","2020 Q2",123,93235,1.31924706387086
"Acinetobacter Sp.","2020 Q3",181,113339,1.59697897458068
"Acinetobacter Sp.","2020 Q4",181,113705,1.59183852952816
"Acinetobacter Sp.","2021 Q1",121,112708,1.07357064272279
"Acinetobacter Sp.","2021 Q2",143,122643,1.16598582878762
"Acinetobacter Sp.","2021 Q3",215,121660,1.7672201216505
"Acinetobacter Sp.","2021 Q4",183,114060,1.6044187269858
"Acinetobacter Sp.","2022 Q1",116,110418,1.05055335180858
"Enterobacter cloacae","2007 Q1",548,127336,4.30357479424515
"Enterobacter cloacae","2007 Q2",708,127771,5.5411634878024
"Enterobacter cloacae","2007 Q3",899,127765,7.03635580949399
"Enterobacter cloacae","2007 Q4",697,125063,5.57319111167971
"Enterobacter cloacae","2008 Q1",618,131960,4.68323734464989
"Enterobacter cloacae","2008 Q2",717,132154,5.42548844529867
"Enterobacter cloacae","2008 Q3",864,131853,6.55275192828377
"Enterobacter cloacae","2008 Q4",739,127920,5.77704815509694
"Enterobacter cloacae","2009 Q1",634,134338,4.71943902693207
"Enterobacter cloacae","2009 Q2",798,138175,5.77528496471865
"Enterobacter cloacae","2009 Q3",843,138183,6.10060571850372
"Enterobacter cloacae","2009 Q4",724,132778,5.45271053939659
"Enterobacter cloacae","2010 Q1",671,138694,4.8379886656957
"Enterobacter cloacae","2010 Q2",737,141169,5.22069292833412
"Enterobacter cloacae","2010 Q3",928,140257,6.61642556164755
"Enterobacter cloacae","2010 Q4",734,134637,5.45169604194984
"Enterobacter cloacae","2011 Q1",688,139539,4.93052121629079
"Enterobacter cloacae","2011 Q2",741,141372,5.24149053560818
"Enterobacter cloacae","2011 Q3",818,139364,5.86952154071353
"Enterobacter cloacae","2011 Q4",691,135771,5.08945209212571
"Enterobacter cloacae","2012 Q1",657,140774,4.66705499595096
"Enterobacter cloacae","2012 Q2",741,140781,5.263494363586
"Enterobacter cloacae","2012 Q3",855,138247,6.18458266725499
"Enterobacter cloacae","2012 Q4",724,133753,5.41296269990206
"Enterobacter cloacae","2013 Q1",582,136643,4.25927416698989
"Enterobacter cloacae","2013 Q2",664,138223,4.80383148969419
"Enterobacter cloacae","2013 Q3",801,137496,5.82562401815326
"Enterobacter cloacae","2013 Q4",691,134299,5.1452356309429
"Enterobacter cloacae","2014 Q1",606,136466,4.4406665396509
"Enterobacter cloacae","2014 Q2",720,141215,5.09860850476224
"Enterobacter cloacae","2014 Q3",781,139658,5.59223245356514
"Enterobacter cloacae","2014 Q4",687,134458,5.10940219250621
"Enterobacter cloacae","2015 Q1",609,135886,4.48169789382276
"Enterobacter cloacae","2015 Q2",594,138705,4.28246999026711
"Enterobacter cloacae","2015 Q3",721,137203,5.2549871358498
"Enterobacter cloacae","2015 Q4",679,132219,5.13541926651994
"Enterobacter cloacae","2016 Q1",623,138117,4.51066849120673
"Enterobacter cloacae","2016 Q2",687,137059,5.01243989814605
"Enterobacter cloacae","2016 Q3",787,135157,5.82285786159799
"Enterobacter cloacae","2016 Q4",698,130683,5.34116908855781
"Enterobacter cloacae","2017 Q1",664,136477,4.86528865669673
"Enterobacter cloacae","2017 Q2",704,136124,5.17175516440892
"Enterobacter cloacae","2017 Q3",756,133818,5.64946419764157
"Enterobacter cloacae","2017 Q4",710,132108,5.37439065007418
"Enterobacter cloacae","2018 Q1",645,136697,4.71846492607738
"Enterobacter cloacae","2018 Q2",662,136870,4.83670636370278
"Enterobacter cloacae","2018 Q3",736,133799,5.5007884961771
"Enterobacter cloacae","2018 Q4",710,131059,5.41740742718928
"Enterobacter cloacae","2019 Q1",721,134984,5.34137379244948
"Enterobacter cloacae","2019 Q2",702,136761,5.13304231469498
"Enterobacter cloacae","2019 Q3",843,133801,6.30040134229191
"Enterobacter cloacae","2019 Q4",653,129551,5.04048598621392
"Enterobacter cloacae","2020 Q1",598,124192,4.81512496779181
"Enterobacter cloacae","2020 Q2",573,93235,6.1457607121789
"Enterobacter cloacae","2020 Q3",727,113339,6.41438516309479
"Enterobacter cloacae","2020 Q4",672,113705,5.91003034167363
"Enterobacter cloacae","2021 Q1",649,112708,5.75824253824041
"Enterobacter cloacae","2021 Q2",741,122643,6.04192656735403
"Enterobacter cloacae","2021 Q3",796,121660,6.54282426434325
"Enterobacter cloacae","2021 Q4",695,114060,6.09328423636682
"Enterobacter cloacae","2022 Q1",557,110418,5.04446738756362
"Enterococcus faecalis","2007 Q1",1699,127336,13.3426525098951
"Enterococcus faecalis","2007 Q2",1950,127771,15.2616790977608
"Enterococcus faecalis","2007 Q3",2022,127765,15.8259304191289
"Enterococcus faecalis","2007 Q4",2050,125063,16.3917385637639
"Enterococcus faecalis","2008 Q1",2157,131960,16.3458623825402
"Enterococcus faecalis","2008 Q2",2154,132154,16.2991661243701
"Enterococcus faecalis","2008 Q3",2232,131853,16.9279424813997
"Enterococcus faecalis","2008 Q4",2219,127920,17.3467792370231
"Enterococcus faecalis","2009 Q1",2268,134338,16.882788190981
"Enterococcus faecalis","2009 Q2",2302,138175,16.6600325673964
"Enterococcus faecalis","2009 Q3",2339,138183,16.926828915279
"Enterococcus faecalis","2009 Q4",2328,132778,17.5330250493305
"Enterococcus faecalis","2010 Q1",2383,138694,17.1817093745944
"Enterococcus faecalis","2010 Q2",2396,141169,16.9725647982206
"Enterococcus faecalis","2010 Q3",2387,140257,17.0187584220395
"Enterococcus faecalis","2010 Q4",2297,134637,17.0606891122054
"Enterococcus faecalis","2011 Q1",2236,139539,16.0241939529451
"Enterococcus faecalis","2011 Q2",2263,141372,16.0074130662366
"Enterococcus faecalis","2011 Q3",2356,139364,16.905370109928
"Enterococcus faecalis","2011 Q4",2304,135771,16.9697505358287
"Enterococcus faecalis","2012 Q1",2361,140774,16.7715629306548
"Enterococcus faecalis","2012 Q2",2352,140781,16.7067999232851
"Enterococcus faecalis","2012 Q3",2408,138247,17.4180994885965
"Enterococcus faecalis","2012 Q4",2283,133753,17.0687760274536
"Enterococcus faecalis","2013 Q1",2214,136643,16.2028058517451
"Enterococcus faecalis","2013 Q2",2220,138223,16.0610028721703
"Enterococcus faecalis","2013 Q3",2209,137496,16.0659219177285
"Enterococcus faecalis","2013 Q4",2172,134299,16.1728680034848
"Enterococcus faecalis","2014 Q1",2165,136466,15.8647575220201
"Enterococcus faecalis","2014 Q2",2343,141215,16.5917218425805
"Enterococcus faecalis","2014 Q3",2259,139658,16.1752280571109
"Enterococcus faecalis","2014 Q4",2188,134458,16.2727394428
"Enterococcus faecalis","2015 Q1",2173,135886,15.9913456868257
"Enterococcus faecalis","2015 Q2",2188,138705,15.7744854186944
"Enterococcus faecalis","2015 Q3",2223,137203,16.2022696296728
"Enterococcus faecalis","2015 Q4",2201,132219,16.6466241614291
"Enterococcus faecalis","2016 Q1",2119,138117,15.3420650607818
"Enterococcus faecalis","2016 Q2",2202,137059,16.066073734669
"Enterococcus faecalis","2016 Q3",2231,135157,16.5067292112136
"Enterococcus faecalis","2016 Q4",2120,130683,16.2224619881698
"Enterococcus faecalis","2017 Q1",2131,136477,15.6143526015373
"Enterococcus faecalis","2017 Q2",2121,136124,15.5813816814081
"Enterococcus faecalis","2017 Q3",2130,133818,15.9171411917679
"Enterococcus faecalis","2017 Q4",2096,132108,15.8658067641627
"Enterococcus faecalis","2018 Q1",2129,136697,15.5745919808043
"Enterococcus faecalis","2018 Q2",2135,136870,15.5987433330898
"Enterococcus faecalis","2018 Q3",2175,133799,16.2557268738929
"Enterococcus faecalis","2018 Q4",2132,131059,16.2674825841796
"Enterococcus faecalis","2019 Q1",2111,134984,15.6388905351745
"Enterococcus faecalis","2019 Q2",2188,136761,15.9987130834083
"Enterococcus faecalis","2019 Q3",2189,133801,16.3601168900083
"Enterococcus faecalis","2019 Q4",2175,129551,16.7887550076804
"Enterococcus faecalis","2020 Q1",2083,124192,16.7724169028601
"Enterococcus faecalis","2020 Q2",1928,93235,20.6789295865287
"Enterococcus faecalis","2020 Q3",2196,113339,19.3755018131446
"Enterococcus faecalis","2020 Q4",2146,113705,18.8734004661185
"Enterococcus faecalis","2021 Q1",2264,112708,20.0873052489619
"Enterococcus faecalis","2021 Q2",2289,122643,18.6639270076564
"Enterococcus faecalis","2021 Q3",2256,121660,18.5434818346211
"Enterococcus faecalis","2021 Q4",2127,114060,18.6480799579169
"Enterococcus faecalis","2022 Q1",2117,110418,19.1725986705066
"Enterococcus faecium","2007 Q1",814,127336,6.39253628196268
"Enterococcus faecium","2007 Q2",867,127771,6.78557732192751
"Enterococcus faecium","2007 Q3",744,127765,5.82319101475365
"Enterococcus faecium","2007 Q4",860,125063,6.87653422674972
"Enterococcus faecium","2008 Q1",951,131960,7.2067293119127
"Enterococcus faecium","2008 Q2",931,132154,7.04481135644778
"Enterococcus faecium","2008 Q3",813,131853,6.16595754362813
"Enterococcus faecium","2008 Q4",894,127920,6.98874296435272
"Enterococcus faecium","2009 Q1",1018,134338,7.57790051958493
"Enterococcus faecium","2009 Q2",938,138175,6.78849285326579
"Enterococcus faecium","2009 Q3",852,138183,6.16573674040946
"Enterococcus faecium","2009 Q4",868,132778,6.53722755275723
"Enterococcus faecium","2010 Q1",930,138694,6.70540902995083
"Enterococcus faecium","2010 Q2",914,141169,6.47450927611586
"Enterococcus faecium","2010 Q3",798,140257,5.68955560150296
"Enterococcus faecium","2010 Q4",830,134637,6.16472440710949
"Enterococcus faecium","2011 Q1",972,139539,6.96579450906198
"Enterococcus faecium","2011 Q2",902,141372,6.38032990974167
"Enterococcus faecium","2011 Q3",852,139364,6.11348698372607
"Enterococcus faecium","2011 Q4",849,135771,6.25317630421813
"Enterococcus faecium","2012 Q1",885,140774,6.28667225481978
"Enterococcus faecium","2012 Q2",881,140781,6.25794673997201
"Enterococcus faecium","2012 Q3",747,138247,5.40337222507541
"Enterococcus faecium","2012 Q4",782,133753,5.84659783331963
"Enterococcus faecium","2013 Q1",830,136643,6.07422260928112
"Enterococcus faecium","2013 Q2",775,138223,5.60688163330271
"Enterococcus faecium","2013 Q3",628,137496,4.56740559725374
"Enterococcus faecium","2013 Q4",593,134299,4.41552059211163
"Enterococcus faecium","2014 Q1",663,136466,4.85835299635074
"Enterococcus faecium","2014 Q2",624,141215,4.41879403746061
"Enterococcus faecium","2014 Q3",553,139658,3.95967291526443
"Enterococcus faecium","2014 Q4",569,134458,4.23180472712669
"Enterococcus faecium","2015 Q1",616,135886,4.53321166271728
"Enterococcus faecium","2015 Q2",593,138705,4.27526044482895
"Enterococcus faecium","2015 Q3",523,137203,3.8118700028425
"Enterococcus faecium","2015 Q4",448,132219,3.38831786656986
"Enterococcus faecium","2016 Q1",489,138117,3.54047655248811
"Enterococcus faecium","2016 Q2",467,137059,3.40729175026813
"Enterococcus faecium","2016 Q3",453,135157,3.35165770178385
"Enterococcus faecium","2016 Q4",439,130683,3.35927396830498
"Enterococcus faecium","2017 Q1",464,136477,3.39984026612543
"Enterococcus faecium","2017 Q2",454,136124,3.33519438159325
"Enterococcus faecium","2017 Q3",386,133818,2.88451478874292
"Enterococcus faecium","2017 Q4",442,132108,3.34574741877858
"Enterococcus faecium","2018 Q1",426,136697,3.11638148606041
"Enterococcus faecium","2018 Q2",389,136870,2.84211295389786
"Enterococcus faecium","2018 Q3",378,133799,2.82513322222139
"Enterococcus faecium","2018 Q4",355,131059,2.70870371359464
"Enterococcus faecium","2019 Q1",387,134984,2.86700646002489
"Enterococcus faecium","2019 Q2",344,136761,2.51533697472233
"Enterococcus faecium","2019 Q3",326,133801,2.43645413711407
"Enterococcus faecium","2019 Q4",314,129551,2.42375589536167
"Enterococcus faecium","2020 Q1",367,124192,2.9551017778923
"Enterococcus faecium","2020 Q2",292,93235,3.13187107845766
"Enterococcus faecium","2020 Q3",281,113339,2.47928780031587
"Enterococcus faecium","2020 Q4",307,113705,2.69996921859197
"Enterococcus faecium","2021 Q1",365,112708,3.23845689746957
"Enterococcus faecium","2021 Q2",397,122643,3.23703758062017
"Enterococcus faecium","2021 Q3",354,121660,2.90974847936873
"Enterococcus faecium","2021 Q4",331,114060,2.90198141329125
"Enterococcus faecium","2022 Q1",392,110418,3.55014580956004
"Escherichia coli","2007 Q1",3160,127336,24.8162342149903
"Escherichia coli","2007 Q2",3533,127771,27.6510319243021
"Escherichia coli","2007 Q3",3809,127765,29.8125464720385
"Escherichia coli","2007 Q4",3540,125063,28.3057339101093
"Escherichia coli","2008 Q1",3573,131960,27.0763867838739
"Escherichia coli","2008 Q2",3802,132154,28.7694659261165
"Escherichia coli","2008 Q3",3873,131853,29.3736206229665
"Escherichia coli","2008 Q4",3766,127920,29.4402751719825
"Escherichia coli","2009 Q1",3737,134338,27.8178921824056
"Escherichia coli","2009 Q2",3882,138175,28.0948073095712
"Escherichia coli","2009 Q3",4219,138183,30.5319757133656
"Escherichia coli","2009 Q4",3827,132778,28.8225459036889
"Escherichia coli","2010 Q1",3798,138694,27.3840252642508
"Escherichia coli","2010 Q2",3965,141169,28.0869029319468
"Escherichia coli","2010 Q3",4038,140257,28.7900069158759
"Escherichia coli","2010 Q4",3839,134637,28.5137072275823
"Escherichia coli","2011 Q1",3717,139539,26.6377141874315
"Escherichia coli","2011 Q2",3953,141372,27.9616897263956
"Escherichia coli","2011 Q3",4137,139364,29.6848540512614
"Escherichia coli","2011 Q4",3997,135771,29.4392764286924
"Escherichia coli","2012 Q1",3825,140774,27.1712105928652
"Escherichia coli","2012 Q2",3887,140781,27.6102599072318
"Escherichia coli","2012 Q3",4028,138247,29.1362561212902
"Escherichia coli","2012 Q4",3826,133753,28.6049658699244
"Escherichia coli","2013 Q1",3634,136643,26.5948493519609
"Escherichia coli","2013 Q2",3731,138223,26.992613385616
"Escherichia coli","2013 Q3",3963,137496,28.8226566591028
"Escherichia coli","2013 Q4",3823,134299,28.4663325862441
"Escherichia coli","2014 Q1",3563,136466,26.1090674600267
"Escherichia coli","2014 Q2",3771,141215,26.7039620436922
"Escherichia coli","2014 Q3",3923,139658,28.0900485471652
"Escherichia coli","2014 Q4",3634,134458,27.027027027027
"Escherichia coli","2015 Q1",3534,135886,26.0070941818878
"Escherichia coli","2015 Q2",3624,138705,26.1273926678923
"Escherichia coli","2015 Q3",3751,137203,27.3390523530827
"Escherichia coli","2015 Q4",3508,132219,26.5317390087658
"Escherichia coli","2016 Q1",3508,138117,25.3987561270517
"Escherichia coli","2016 Q2",3635,137059,26.5214250797102
"Escherichia coli","2016 Q3",3677,135157,27.2053981665766
"Escherichia coli","2016 Q4",3531,130683,27.0195817359565
"Escherichia coli","2017 Q1",3509,136477,25.7112920125735
"Escherichia coli","2017 Q2",3518,136124,25.8440833357821
"Escherichia coli","2017 Q3",3709,133818,27.7167496151489
"Escherichia coli","2017 Q4",3601,132108,27.2580010294607
"Escherichia coli","2018 Q1",3423,136697,25.0407836309502
"Escherichia coli","2018 Q2",3634,136870,26.5507415796011
"Escherichia coli","2018 Q3",3607,133799,26.9583479697158
"Escherichia coli","2018 Q4",3526,131059,26.9039135046048
"Escherichia coli","2019 Q1",3429,134984,25.4030107271973
"Escherichia coli","2019 Q2",3545,136761,25.9211324866007
"Escherichia coli","2019 Q3",3718,133801,27.7875352202151
"Escherichia coli","2019 Q4",3361,129551,25.9434508417534
"Escherichia coli","2020 Q1",3091,124192,24.8888817315125
"Escherichia coli","2020 Q2",2886,93235,30.9540408644822
"Escherichia coli","2020 Q3",3365,113339,29.6896919859889
"Escherichia coli","2020 Q4",3354,113705,29.4973835803175
"Escherichia coli","2021 Q1",3342,112708,29.6518437023104
"Escherichia coli","2021 Q2",3452,122643,28.146734831992
"Escherichia coli","2021 Q3",3383,121660,27.8070031234588
"Escherichia coli","2021 Q4",3142,114060,27.5469051376469
"Escherichia coli","2022 Q1",2962,110418,26.8253364487674
"Klebsiella pneumoniae","2007 Q1",1752,127336,13.7588741597035
"Klebsiella pneumoniae","2007 Q2",2109,127771,16.506092931886
"Klebsiella pneumoniae","2007 Q3",2440,127765,19.0975619301061
"Klebsiella pneumoniae","2007 Q4",2255,125063,18.0309124201403
"Klebsiella pneumoniae","2008 Q1",2052,131960,15.550166717187
"Klebsiella pneumoniae","2008 Q2",2260,132154,17.1012606504533
"Klebsiella pneumoniae","2008 Q3",2517,131853,19.0894405132989
"Klebsiella pneumoniae","2008 Q4",2290,127920,17.901813633521
"Klebsiella pneumoniae","2009 Q1",2204,134338,16.4063779422055
"Klebsiella pneumoniae","2009 Q2",2314,138175,16.7468789578433
"Klebsiella pneumoniae","2009 Q3",2586,138183,18.7143136275808
"Klebsiella pneumoniae","2009 Q4",2443,132778,18.3991323863893
"Klebsiella pneumoniae","2010 Q1",2103,138694,15.1628765483727
"Klebsiella pneumoniae","2010 Q2",2296,141169,16.2641939802648
"Klebsiella pneumoniae","2010 Q3",2624,140257,18.7085136570724
"Klebsiella pneumoniae","2010 Q4",2398,134637,17.8108543713838
"Klebsiella pneumoniae","2011 Q1",2165,139539,15.5153756297523
"Klebsiella pneumoniae","2011 Q2",2381,141372,16.8420903715021
"Klebsiella pneumoniae","2011 Q3",2702,139364,19.3880772652909
"Klebsiella pneumoniae","2011 Q4",2388,135771,17.5884393574475
"Klebsiella pneumoniae","2012 Q1",2156,140774,15.3153281145666
"Klebsiella pneumoniae","2012 Q2",2327,140781,16.5292191417876
"Klebsiella pneumoniae","2012 Q3",2550,138247,18.4452465514622
"Klebsiella pneumoniae","2012 Q4",2319,133753,17.3379288688852
"Klebsiella pneumoniae","2013 Q1",2001,136643,14.6439993267127
"Klebsiella pneumoniae","2013 Q2",2211,138223,15.9958906983642
"Klebsiella pneumoniae","2013 Q3",2595,137496,18.8732763134928
"Klebsiella pneumoniae","2013 Q4",2333,134299,17.371685567279
"Klebsiella pneumoniae","2014 Q1",2136,136466,15.6522503773834
"Klebsiella pneumoniae","2014 Q2",2273,141215,16.0960237935064
"Klebsiella pneumoniae","2014 Q3",2543,139658,18.2087671311346
"Klebsiella pneumoniae","2014 Q4",2304,134458,17.135462374868
"Klebsiella pneumoniae","2015 Q1",1965,135886,14.4606508396744
"Klebsiella pneumoniae","2015 Q2",2057,138705,14.8300349662954
"Klebsiella pneumoniae","2015 Q3",2462,137203,17.9442140477978
"Klebsiella pneumoniae","2015 Q4",2282,132219,17.2592441328402
"Klebsiella pneumoniae","2016 Q1",2037,138117,14.7483655161928
"Klebsiella pneumoniae","2016 Q2",2296,137059,16.7519097614896
"Klebsiella pneumoniae","2016 Q3",2508,135157,18.5561976072272
"Klebsiella pneumoniae","2016 Q4",2341,130683,17.9135771293894
"Klebsiella pneumoniae","2017 Q1",2108,136477,15.4458260366216
"Klebsiella pneumoniae","2017 Q2",2203,136124,16.1837736181717
"Klebsiella pneumoniae","2017 Q3",2409,133818,18.0020625028023
"Klebsiella pneumoniae","2017 Q4",2222,132108,16.8195718654434
"Klebsiella pneumoniae","2018 Q1",2041,136697,14.9308324249984
"Klebsiella pneumoniae","2018 Q2",2115,136870,15.4526192737634
"Klebsiella pneumoniae","2018 Q3",2393,133799,17.8850365099889
"Klebsiella pneumoniae","2018 Q4",2228,131059,16.9999771095461
"Klebsiella pneumoniae","2019 Q1",2085,134984,15.4462751140876
"Klebsiella pneumoniae","2019 Q2",2238,136761,16.3643143878737
"Klebsiella pneumoniae","2019 Q3",2456,133801,18.3556176710189
"Klebsiella pneumoniae","2019 Q4",2238,129551,17.2750499803166
"Klebsiella pneumoniae","2020 Q1",2012,124192,16.2007214635403
"Klebsiella pneumoniae","2020 Q2",1874,93235,20.0997479487317
"Klebsiella pneumoniae","2020 Q3",2269,113339,20.0195872559313
"Klebsiella pneumoniae","2020 Q4",2234,113705,19.6473330108614
"Klebsiella pneumoniae","2021 Q1",2077,112708,18.4281506192994
"Klebsiella pneumoniae","2021 Q2",2151,122643,17.538709914141
"Klebsiella pneumoniae","2021 Q3",2422,121660,19.9079401611047
"Klebsiella pneumoniae","2021 Q4",2203,114060,19.3143959319656
"Klebsiella pneumoniae","2022 Q1",1969,110418,17.8322374975095
"Pseudomonas aeruginosa","2007 Q1",2008,127336,15.7693032606647
"Pseudomonas aeruginosa","2007 Q2",2311,127771,18.0870463563719
"Pseudomonas aeruginosa","2007 Q3",2490,127765,19.4889054122804
"Pseudomonas aeruginosa","2007 Q4",2418,125063,19.3342555352103
"Pseudomonas aeruginosa","2008 Q1",2253,131960,17.0733555622916
"Pseudomonas aeruginosa","2008 Q2",2331,132154,17.6385126443392
"Pseudomonas aeruginosa","2008 Q3",2523,131853,19.1349457350231
"Pseudomonas aeruginosa","2008 Q4",2377,127920,18.5819262038774
"Pseudomonas aeruginosa","2009 Q1",2232,134338,16.6148074260448
"Pseudomonas aeruginosa","2009 Q2",2369,138175,17.1449249140583
"Pseudomonas aeruginosa","2009 Q3",2579,138183,18.6636561660986
"Pseudomonas aeruginosa","2009 Q4",2486,132778,18.7229812167678
"Pseudomonas aeruginosa","2010 Q1",2349,138694,16.9365653885532
"Pseudomonas aeruginosa","2010 Q2",2344,141169,16.6042119728836
"Pseudomonas aeruginosa","2010 Q3",2607,140257,18.5873075853612
"Pseudomonas aeruginosa","2010 Q4",2350,134637,17.454340188804
"Pseudomonas aeruginosa","2011 Q1",2181,139539,15.630038913852
"Pseudomonas aeruginosa","2011 Q2",2316,141372,16.3823104999576
"Pseudomonas aeruginosa","2011 Q3",2550,139364,18.2974082259407
"Pseudomonas aeruginosa","2011 Q4",2455,135771,18.0819173461196
"Pseudomonas aeruginosa","2012 Q1",2273,140774,16.1464474974072
"Pseudomonas aeruginosa","2012 Q2",2331,140781,16.5576320668272
"Pseudomonas aeruginosa","2012 Q3",2477,138247,17.917206159989
"Pseudomonas aeruginosa","2012 Q4",2235,133753,16.7099055722115
"Pseudomonas aeruginosa","2013 Q1",2117,136643,15.4929268239134
"Pseudomonas aeruginosa","2013 Q2",2105,138223,15.229013984648
"Pseudomonas aeruginosa","2013 Q3",2301,137496,16.7350322918485
"Pseudomonas aeruginosa","2013 Q4",2104,134299,15.6665351193978
"Pseudomonas aeruginosa","2014 Q1",1900,136466,13.9228818899946
"Pseudomonas aeruginosa","2014 Q2",2024,141215,14.3327550189427
"Pseudomonas aeruginosa","2014 Q3",2187,139658,15.6596829397528
"Pseudomonas aeruginosa","2014 Q4",2034,134458,15.1274003778131
"Pseudomonas aeruginosa","2015 Q1",1867,135886,13.7394580751512
"Pseudomonas aeruginosa","2015 Q2",1834,138705,13.2223063335857
"Pseudomonas aeruginosa","2015 Q3",2014,137203,14.6789793226096
"Pseudomonas aeruginosa","2015 Q4",1951,132219,14.7558217805308
"Pseudomonas aeruginosa","2016 Q1",1816,138117,13.1482728411419
"Pseudomonas aeruginosa","2016 Q2",1931,137059,14.0888230616012
"Pseudomonas aeruginosa","2016 Q3",2098,135157,15.5226884290122
"Pseudomonas aeruginosa","2016 Q4",2044,130683,15.6409020301034
"Pseudomonas aeruginosa","2017 Q1",1893,136477,13.8704690167574
"Pseudomonas aeruginosa","2017 Q2",1901,136124,13.9652081925303
"Pseudomonas aeruginosa","2017 Q3",2062,133818,15.4089883274298
"Pseudomonas aeruginosa","2017 Q4",1990,132108,15.0634329487995
"Pseudomonas aeruginosa","2018 Q1",1891,136697,13.8335150003292
"Pseudomonas aeruginosa","2018 Q2",1901,136870,13.8890918389713
"Pseudomonas aeruginosa","2018 Q3",2125,133799,15.8820320032287
"Pseudomonas aeruginosa","2018 Q4",1948,131059,14.863534743894
"Pseudomonas aeruginosa","2019 Q1",1901,134984,14.0831505956261
"Pseudomonas aeruginosa","2019 Q2",1946,136761,14.2292027697955
"Pseudomonas aeruginosa","2019 Q3",2206,133801,16.4871712468517
"Pseudomonas aeruginosa","2019 Q4",2007,129551,15.4919684139837
"Pseudomonas aeruginosa","2020 Q1",1865,124192,15.0170703426952
"Pseudomonas aeruginosa","2020 Q2",1725,93235,18.5016356518475
"Pseudomonas aeruginosa","2020 Q3",2111,113339,18.6255393112697
"Pseudomonas aeruginosa","2020 Q4",2034,113705,17.8883954091729
"Pseudomonas aeruginosa","2021 Q1",1877,112708,16.6536536891791
"Pseudomonas aeruginosa","2021 Q2",1859,122643,15.1578157742391
"Pseudomonas aeruginosa","2021 Q3",2158,121660,17.7379582442874
"Pseudomonas aeruginosa","2021 Q4",2077,114060,18.2097141855164
"Pseudomonas aeruginosa","2022 Q1",1847,110418,16.727345179228
"Serratia marcescens","2007 Q1",374,127336,2.93711126468556
"Serratia marcescens","2007 Q2",412,127771,3.22451886578332
"Serratia marcescens","2007 Q3",471,127765,3.68645560208195
"Serratia marcescens","2007 Q4",441,125063,3.52622278371701
"Serratia marcescens","2008 Q1",368,131960,2.78872385571385
"Serratia marcescens","2008 Q2",402,132154,3.0419056555231
"Serratia marcescens","2008 Q3",399,131853,3.02609724465882
"Serratia marcescens","2008 Q4",411,127920,3.21294559099437
"Serratia marcescens","2009 Q1",357,134338,2.65747591895071
"Serratia marcescens","2009 Q2",405,138175,2.93106567758278
"Serratia marcescens","2009 Q3",460,138183,3.32891889740417
"Serratia marcescens","2009 Q4",426,132778,3.20836283119191
"Serratia marcescens","2010 Q1",403,138694,2.90567724631202
"Serratia marcescens","2010 Q2",356,141169,2.52180011192259
"Serratia marcescens","2010 Q3",407,140257,2.90181595214499
"Serratia marcescens","2010 Q4",394,134637,2.92638724867607
"Serratia marcescens","2011 Q1",358,139539,2.56559098173271
"Serratia marcescens","2011 Q2",393,141372,2.77989983872337
"Serratia marcescens","2011 Q3",406,139364,2.91323440773801
"Serratia marcescens","2011 Q4",355,135771,2.61469680565069
"Serratia marcescens","2012 Q1",325,140774,2.30866495233495
"Serratia marcescens","2012 Q2",352,140781,2.50033740348485
"Serratia marcescens","2012 Q3",411,138247,2.9729397382945
"Serratia marcescens","2012 Q4",384,133753,2.870963641937
"Serratia marcescens","2013 Q1",309,136643,2.26136721237092
"Serratia marcescens","2013 Q2",357,138223,2.58278289430847
"Serratia marcescens","2013 Q3",387,137496,2.81462733461337
"Serratia marcescens","2013 Q4",343,134299,2.55400263590943
"Serratia marcescens","2014 Q1",327,136466,2.3962012515938
"Serratia marcescens","2014 Q2",340,141215,2.40767623835995
"Serratia marcescens","2014 Q3",389,139658,2.78537570350427
"Serratia marcescens","2014 Q4",345,134458,2.56585699623674
"Serratia marcescens","2015 Q1",301,135886,2.21509206246412
"Serratia marcescens","2015 Q2",326,138705,2.3503118128402
"Serratia marcescens","2015 Q3",367,137203,2.6748686253216
"Serratia marcescens","2015 Q4",360,132219,2.72275542849364
"Serratia marcescens","2016 Q1",348,138117,2.51960294532896
"Serratia marcescens","2016 Q2",347,137059,2.53175639688018
"Serratia marcescens","2016 Q3",383,135157,2.8337415006252
"Serratia marcescens","2016 Q4",347,130683,2.6552803348561
"Serratia marcescens","2017 Q1",326,136477,2.38868087663123
"Serratia marcescens","2017 Q2",345,136124,2.53445388028562
"Serratia marcescens","2017 Q3",361,133818,2.69769388273625
"Serratia marcescens","2017 Q4",356,132108,2.69476488933297
"Serratia marcescens","2018 Q1",384,136697,2.80913260715305
"Serratia marcescens","2018 Q2",341,136870,2.49141521151458
"Serratia marcescens","2018 Q3",400,133799,2.98955896531364
"Serratia marcescens","2018 Q4",381,131059,2.90708764754805
"Serratia marcescens","2019 Q1",358,134984,2.65216618265869
"Serratia marcescens","2019 Q2",358,136761,2.61770533997265
"Serratia marcescens","2019 Q3",391,133801,2.92225020739755
"Serratia marcescens","2019 Q4",392,129551,3.02583538529228
"Serratia marcescens","2020 Q1",354,124192,2.85042514815769
"Serratia marcescens","2020 Q2",268,93235,2.87445701721457
"Serratia marcescens","2020 Q3",385,113339,3.39688897908046
"Serratia marcescens","2020 Q4",358,113705,3.14849830702256
"Serratia marcescens","2021 Q1",336,112708,2.98115484260212
"Serratia marcescens","2021 Q2",337,122643,2.74781275735264
"Serratia marcescens","2021 Q3",381,121660,3.13167844813414
"Serratia marcescens","2021 Q4",387,114060,3.3929510783798
"Serratia marcescens","2022 Q1",323,110418,2.92524769512217
"Staphylococcus aureus","2007 Q1",4863,127336,38.1902996795879
"Staphylococcus aureus","2007 Q2",5030,127771,39.3673055701215
"Staphylococcus aureus","2007 Q3",5379,127765,42.1007318123117
"Staphylococcus aureus","2007 Q4",5312,125063,42.4745928052262
"Staphylococcus aureus","2008 Q1",5189,131960,39.3225219763565
"Staphylococcus aureus","2008 Q2",5071,132154,38.3718994506409
"Staphylococcus aureus","2008 Q3",5096,131853,38.6491016510811
"Staphylococcus aureus","2008 Q4",5091,127920,39.7983114446529
"Staphylococcus aureus","2009 Q1",4945,134338,36.8101356280427
"Staphylococcus aureus","2009 Q2",4859,138175,35.1655509317894
"Staphylococcus aureus","2009 Q3",5181,138183,37.4937582770674
"Staphylococcus aureus","2009 Q4",4757,132778,35.826718281643
"Staphylococcus aureus","2010 Q1",4688,138694,33.8010296047414
"Staphylococcus aureus","2010 Q2",4728,141169,33.4917722729494
"Staphylococcus aureus","2010 Q3",4915,140257,35.0428142623898
"Staphylococcus aureus","2010 Q4",4813,134637,35.7479741824313
"Staphylococcus aureus","2011 Q1",4514,139539,32.349379026652
"Staphylococcus aureus","2011 Q2",4689,141372,33.1678125795773
"Staphylococcus aureus","2011 Q3",4648,139364,33.3515111506558
"Staphylococcus aureus","2011 Q4",4484,135771,33.0261985254583
"Staphylococcus aureus","2012 Q1",4514,140774,32.0655802918153
"Staphylococcus aureus","2012 Q2",4494,140781,31.9219212819912
"Staphylococcus aureus","2012 Q3",4603,138247,33.2954783828944
"Staphylococcus aureus","2012 Q4",4336,133753,32.417964456872
"Staphylococcus aureus","2013 Q1",4243,136643,31.0517187122648
"Staphylococcus aureus","2013 Q2",4106,138223,29.7056206275367
"Staphylococcus aureus","2013 Q3",4271,137496,31.0627218246349
"Staphylococcus aureus","2013 Q4",4133,134299,30.7746148519349
"Staphylococcus aureus","2014 Q1",4073,136466,29.8462620726042
"Staphylococcus aureus","2014 Q2",4089,141215,28.9558474666289
"Staphylococcus aureus","2014 Q3",4026,139658,28.8275644789414
"Staphylococcus aureus","2014 Q4",3913,134458,29.1020244239837
"Staphylococcus aureus","2015 Q1",3818,135886,28.0970813770366
"Staphylococcus aureus","2015 Q2",3718,138705,26.8050899390793
"Staphylococcus aureus","2015 Q3",3908,137203,28.4833422009723
"Staphylococcus aureus","2015 Q4",3730,132219,28.2107715230035
"Staphylococcus aureus","2016 Q1",3644,138117,26.3834285424676
"Staphylococcus aureus","2016 Q2",3675,137059,26.8132701975062
"Staphylococcus aureus","2016 Q3",3720,135157,27.5235466901455
"Staphylococcus aureus","2016 Q4",3520,130683,26.9354085841311
"Staphylococcus aureus","2017 Q1",3627,136477,26.5759065630106
"Staphylococcus aureus","2017 Q2",3571,136124,26.233434221739
"Staphylococcus aureus","2017 Q3",3585,133818,26.7901179213559
"Staphylococcus aureus","2017 Q4",3542,132108,26.8113967360039
"Staphylococcus aureus","2018 Q1",3623,136697,26.5038735305091
"Staphylococcus aureus","2018 Q2",3505,136870,25.608241396946
"Staphylococcus aureus","2018 Q3",3441,133799,25.7176809991106
"Staphylococcus aureus","2018 Q4",3415,131059,26.0569667096499
"Staphylococcus aureus","2019 Q1",3340,134984,24.7436733242458
"Staphylococcus aureus","2019 Q2",3289,136761,24.0492538077376
"Staphylococcus aureus","2019 Q3",3376,133801,25.2315005119543
"Staphylococcus aureus","2019 Q4",3252,129551,25.1020833494145
"Staphylococcus aureus","2020 Q1",3182,124192,25.6216181396547
"Staphylococcus aureus","2020 Q2",2756,93235,29.5597146994155
"Staphylococcus aureus","2020 Q3",3087,113339,27.2368734504451
"Staphylococcus aureus","2020 Q4",3149,113705,27.6944725385867
"Staphylococcus aureus","2021 Q1",3087,112708,27.389360116407
"Staphylococcus aureus","2021 Q2",2982,122643,24.3144737163964
"Staphylococcus aureus","2021 Q3",3029,121660,24.8972546440901
"Staphylococcus aureus","2021 Q4",2914,114060,25.5479572155006
"Staphylococcus aureus","2022 Q1",2790,110418,25.2676194098788
